store,country,package,reviewId,userName,score,at,content,replyContent,version,thumbsUp,sent_compound,sent_pos,sent_neu,sent_neg,sent_label
google_play,au,com.freely.prod,20386e4f-c0a5-40f1-8b01-2d28e0cbc203,Tony Clarke,5,2025-10-21T05:28:10+00:00,easy to use app to get trouble free travel insurance,,5.10.0,0,0.5423,0.39,0.44,0.17,pos
google_play,au,com.freely.prod,e433aea0-ec72-4429-9f37-be6fa25dd012,Amanda Hanley,5,2025-10-20T22:27:51+00:00,it's easy to use and last time I travelled i had a claim due to a cyclone and they were great,,5.10.0,0,0.7906,0.269,0.731,0.0,pos
google_play,au,com.freely.prod,beb2c05b-93c2-484e-ac49-24ff7a5fb21c,Chris Rea,5,2025-10-18T12:30:55+00:00,Very easy to use and self-explanatory.,,5.10.0,0,0.4927,0.39,0.61,0.0,pos
google_play,au,com.freely.prod,cbfc869b-90e9-4386-9da0-f4b9b4559a4a,Dean Anthony,1,2025-10-07T01:49:52+00:00,"DO NOT USE THIS SERVICE! Took more than a week to resolve only to respond that you wont get a claim, and you wont get a money simply if your claim is under $300 even if you have submitted all receipts, lab test.",,5.9.0,0,0.4389,0.064,0.936,0.0,pos
google_play,au,com.freely.prod,11676996-d07b-492c-bd18-655b7a86a080,Rod Heaysman,5,2025-09-23T12:26:06+00:00,Definately a simple process online once you have the app and an account.,,5.8.0,0,0.0,0.0,1.0,0.0,neu
google_play,au,com.freely.prod,581f8735-b3b3-4714-a73d-33407fa5f2d9,Julie Hunter,5,2025-08-16T23:23:53+00:00,Easy to apply for just what you need,,5.8.0,0,0.4404,0.293,0.707,0.0,pos
google_play,au,com.freely.prod,a942f608-e8f3-4500-bd89-04b0925cd059,Jan,5,2025-08-09T23:22:35+00:00,quick and easy to do. love the app,,5.8.0,0,0.7964,0.542,0.458,0.0,pos
google_play,au,com.freely.prod,c0cf0034-d3b1-430c-97de-13c54cdefa7e,Iain Hayes,5,2025-08-03T02:02:40+00:00,haven't had to make a claim but has been easy and cheap for last few trips,,5.7.0,0,0.5927,0.204,0.796,0.0,pos
google_play,au,com.freely.prod,1ba62215-a11e-4ccf-8dd2-bb53ddd01b63,Boyd Briese,5,2025-08-01T23:29:17+00:00,The app works well and made it easy to go through the process of buying insurance for our trip.,,5.7.0,0,0.6124,0.227,0.773,0.0,pos
google_play,au,com.freely.prod,110fd2d5-7f28-4c5e-8738-6803c0a2d719,A Google user,5,2025-08-01T23:03:27+00:00,"Will cover under 18's travelling overseas without parents!! My son will be 18 on date of travel but not until a month before leaving, no other policy would allow me to purchase a policy.",,5.7.0,1,-0.2579,0.062,0.848,0.09,neg
google_play,au,com.freely.prod,c7f0f9e2-8872-4560-b29a-10aec6111d55,Sharyn Harrex,5,2025-07-31T08:04:41+00:00,easy as to do competitive price,,5.7.0,0,0.5574,0.535,0.465,0.0,pos
google_play,au,com.freely.prod,e31d67e3-e817-4885-b40b-63fea11a1553,Jan Rees,5,2025-07-30T04:05:49+00:00,Great insurance and easy app,,5.7.0,0,0.7906,0.7,0.3,0.0,pos
google_play,au,com.freely.prod,aa5dada4-0e1c-4655-a107-35ce42f51a61,Libby Lake,5,2025-07-26T10:13:27+00:00,"Absolutely love Freely, have used them the last few times I've travelled overseas and on local cruises and find them exceptional to deal with",,5.7.0,0,0.8258,0.259,0.741,0.0,pos
google_play,au,com.freely.prod,34984047-c440-4792-bad2-788a6de8d36a,Gary Witt,5,2025-07-14T06:58:22+00:00,easy and simple to set up and easy when you have to claim,,5.6.1,0,0.7003,0.345,0.655,0.0,pos
google_play,au,com.freely.prod,6156660e-6c71-4f47-8b42-64c0ed68057a,Iwan Phillips,1,2025-07-01T15:11:18+00:00,asks for country but only offers Australia or USA. Waste of time,,,0,-0.5719,0.0,0.748,0.252,neg
google_play,au,com.freely.prod,0227d60c-1f72-47b7-930b-991e9075c014,Kelli K,4,2025-06-15T06:34:48+00:00,"Great value, easy to use, hoping I have no need to claim üôè will update if that happens.",,5.4.1,1,0.875,0.43,0.493,0.077,pos
google_play,au,com.freely.prod,9d616f08-06a2-477f-b978-74a613ce674c,Pat 666,1,2025-06-14T07:47:43+00:00,rubbish,,5.4.1,0,0.0,0.0,1.0,0.0,neu
google_play,au,com.freely.prod,059d4cd4-192e-4b3e-83e9-48b5ca29fa05,Stella Chiera,5,2025-06-01T01:17:33+00:00,very helpful staff member.,,5.2.1,0,0.4754,0.508,0.492,0.0,pos
google_play,au,com.freely.prod,7abbe11d-db13-44f0-b8f5-94f21873987f,Shelley Roodt,5,2025-05-20T23:30:14+00:00,Easy and efficient.,,5.4.1,0,0.6908,0.851,0.149,0.0,pos
google_play,au,com.freely.prod,40a4e30a-bf09-4c96-999e-14a004e55be1,Glenn E,5,2025-04-30T10:14:35+00:00,"Used once before and claimed some medical expenses, which was easy. This is why I have used again as was very happy with service and the experience.","Hey Glenn, thanks so much for the feedback! We're so glad to have been able to help out on your trip. We'd love to travel with you again, so please don't hesitate to reach out with any questions about a future policy. Thanks again, Glenn!",5.4.1,2,0.7841,0.216,0.784,0.0,pos
google_play,au,com.freely.prod,7b21dc3e-93c4-4025-bcc7-b0b5a9461a0b,Crazy Aussie,5,2025-04-13T07:27:45+00:00,"love these guys. quick, affordable has Afterpay!! Friendly and helpful when you need to claim. fast turn around time on claims a well. highly recommend","Hey there, thanks so much for taking the time to leave us this feedback :-) We're so happy you enjoyed arranging your travel insurance with Freely ‚Äì and that we could help out with your travel mishap. Any questions about a future policy, please don't hesitate to reach out. Thanks again!",5.3.1,0,0.9401,0.439,0.561,0.0,pos
google_play,au,com.freely.prod,4dd695f5-a220-4d8c-a335-22620294099d,Rosalind Cook,5,2025-04-03T08:05:01+00:00,Love the app. Easy to purchase your insurance.,"Hi Rosalind, thanks so much for the feedback! We're so glad you enjoyed arranging your travel insurance with Freely. Any questions about a future policy, please don't hesitate to reach out. Thanks again!",5.3.1,0,0.7964,0.542,0.458,0.0,pos
google_play,au,com.freely.prod,1c712cb3-95a6-4c72-ac5f-db84c1096021,Roger Maitri Brindle,5,2025-04-02T06:17:27+00:00,quick and satisfactory turnaround on my claim for car rental damage... very pleased with service and with efficiency of the app!,"Hi Roger, thanks so much for your review! We're so glad to have helped out with your car rental hiccup. We'll be sure to pass on this feedback to the team. Any questions about a future policy, please don't hesitate to reach out. Thanks again!",5.3.1,0,0.6468,0.296,0.593,0.112,pos
google_play,au,com.freely.prod,3b156756-04a0-42c2-91df-bd1b614ab25f,Sharon Tucker,5,2025-03-17T23:23:06+00:00,Clear and easy to understand policy information. Simple application process. Reasonable price.,"Hi Sharon, thanks so much for the feedback! We're so glad you enjoyed arranging your travel insurance with Freely. Any questions about a future policy, please don't hesitate to reach out. Thanks again!",,0,0.6705,0.355,0.645,0.0,pos
google_play,au,com.freely.prod,b83cbad3-91eb-4248-857b-9c185fcb7941,Jason Olsoen,5,2025-02-28T09:58:24+00:00,AWESOME EXPERIENCE HIGHLY RECOMMENDED,"Thanks for the feedback, Jason! We really appreciate it. Any questions about a future policy, please don't hesitate to reach out. Thanks again!",5.2.1,0,0.7346,0.756,0.244,0.0,pos
google_play,au,com.freely.prod,a49b1e20-ac01-44b4-af18-cc27cb003274,Agustina Scampini,5,2025-02-17T21:58:45+00:00,"Easy to navigate, clear and responds so quickly. Again: EASY TO NAVIGATE! Create quotes with add ons, edit and delete as you wish. Easy check out. This is how travel should be in 2025. cheers !","Hi Agustina! Thanks so much for taking the time to leave this awesome feedback. We're so glad to hear that you found arranging your travel insurance with Freely easy and smooth. We created our optional Daily Boost and Trip Extras for travellers like you :-) Any questions about a future policy, please don't hesitate to reach out. Thanks again!",5.2.0,2,0.9627,0.417,0.583,0.0,pos
google_play,au,com.freely.prod,a12aca77-7851-4dcf-9c12-16d4d1f4c777,Freda Louizos,5,2025-02-15T03:13:49+00:00,"easy to use, very straight forward, very competitive. thankyou üòä","Hi Freda, thanks so much for the feedback! We're so glad you enjoyed arranging your travel insurance with Freely. Any questions about a future policy, please don't hesitate to reach out. Thanks again!",5.2.0,0,0.9072,0.597,0.403,0.0,pos
google_play,au,com.freely.prod,18456a5e-abfd-440e-9663-b7b9b2580245,Koby Thitirat Mcdonald,4,2025-02-13T06:03:40+00:00,it is easy and quick,"Hi Koby! Thanks so much for your feedback ‚Äì we really appreciate it :-) Any questions about a future policy, please don't hesitate to reach out. Thanks again!",5.2.0,1,0.4404,0.42,0.58,0.0,pos
google_play,au,com.freely.prod,f6d341d0-495b-44f5-ac5d-a9bf1c1cadaf,Neil Kirk,1,2025-02-05T16:24:39+00:00,Won't download,,,0,0.0,0.0,1.0,0.0,neu
google_play,au,com.freely.prod,66680027-bc72-4f40-a5b8-d9c4e8a1eab6,Naomi Swain,5,2025-01-30T05:09:29+00:00,really reasonable pricing and having the capacity to add days of extras like snow-mobiling rather than for the whole trip is great!,"Hi Naomi, thank you for taking the time to leave this review! We're really happy that you've enjoyed travelling with Freely and our pay-per-day Snow Sports Boost. Any questions about a future policy, please don't hesitate to reach out. Thanks again Naomi!",5.1.0,0,0.784,0.256,0.744,0.0,pos
google_play,au,com.freely.prod,d6c8f025-d0ba-466e-bb48-6d1dec7f0d3f,Stephen Rath,5,2025-01-30T00:10:24+00:00,"Best Travel Insurance ever! App is simple to understand and navigate. Premium is very reasonably priced, too. Wouldn't go anywhere else.","Hey Stephen, thanks so much for this awesome feedback! We're so glad to hear you've enjoyed travelled with Freely. Any questions about a future policy, please don't hesitate to reach out :-) Thanks again!",5.1.0,0,0.6696,0.183,0.817,0.0,pos
google_play,au,com.freely.prod,4bcad14f-c1d6-41ff-a1a1-9e3e4f3e97fb,Hanly Limboro,1,2025-01-25T05:22:29+00:00,"WARNING!! Although the app is easy to use, the insurance company CoverMore Insurance and it's parent company Zurich Insurance will refuse to pay for your insurance claim. The companies will use the fine prints in their product disclosure statement (PDS) as reasons to not pay you. So if you want travel insurance company that will pay you in case you got injured and lost a luggage, I suggest you find another app with the backing of reliable insurance company. Use this app at your own risk.","Hi Hanly, thanks for taking the time to leave your honest feedback. We understand you've been in touch with our team about an official complaint. If you'd like to discuss the details of this, please don't hesitate to contact us on team@gofreely.help or 1300 772 183 and we can look further into your matter. Thanks again!",4.11.0,2,-0.7996,0.088,0.751,0.161,neg
google_play,au,com.freely.prod,55ac97a3-0893-4e15-9400-9427f8fb1427,Sameer Moosajee,5,2025-01-24T21:39:28+00:00,Had to extend my international travel insurance policy while abroad on the Freely App. Found the app to be user friendly and the process was simple and straightforward.,"Hi Sameer! Thanks so much for the feedback. We're so glad you enjoyed travelled with Freely! Any questions about a future policy, please don't hesitate to reach out. Thanks again, Sameer!",4.11.0,1,0.7783,0.238,0.762,0.0,pos
google_play,au,com.freely.prod,5011bcea-c3d4-45f5-8e71-8a4765d0ef84,Dianne Dolman,3,2025-01-23T06:04:40+00:00,Frustrating,"Hi Dianne, thanks for leaving your honest feedback. We're keen to understand how we can help. Please reach out to our customer support team on team@gofreely.help or 1300 772 183 and we'll assist. Thanks Dianne!",4.11.0,0,-0.4404,0.0,0.0,1.0,neg
google_play,au,com.freely.prod,e6cea2c4-75dd-414d-82bc-0ad0eb7c6b10,Julie Warren,5,2025-01-21T01:19:05+00:00,easy to navigate,"Thanks for the feedback, Julie!",4.11.0,0,0.4404,0.592,0.408,0.0,pos
google_play,au,com.freely.prod,269c407f-bf1b-4174-aefa-2d8e2df2ec86,Eamon Burke,5,2025-01-17T00:35:27+00:00,Easy app to use for quote and super easier to purchase the policy as well. It took me roughly 5 minutes in total!,"Hey Eamon! Thanks so much for the feedback ‚Äì we're so glad to hear you found it easy to arrange your policy with us. Any questions about a future policy, please don't hesitate to get in touch. Thanks again!",4.11.0,0,0.8999,0.387,0.613,0.0,pos
google_play,au,com.freely.prod,0cd9358c-0b3e-400c-aa32-06b5526815bd,BB KING,5,2025-01-06T09:38:44+00:00,easy to use and direct to the point.,"Hey BB KING, thanks so much for this feedback! We really appreciate it. Any questions about a future policy, please don't hesitate to get in touch. Thanks again!",4.11.0,0,0.4404,0.293,0.707,0.0,pos
google_play,au,com.freely.prod,e3d78afd-38d9-4a9d-9182-e1072e507eb1,Jal,1,2025-01-03T07:33:40+00:00,"The policy does not cover for any flight cancellations expenses or reticketing expenses due to bad weather !!! Read the PDS is was what I was told, in all the years of travelling with insurance...this is the first company which has an exclusion on all flight delays or cancellations except if it's caused by industrial action or strike!! What a con!!!!","Hi Jalnidh, thanks for this feedback. We're sorry you're not happy with your experience. Page 65 of our PDS outlines that we don't cover airline-caused flight cancellations as airlines are typically responsible for arranging new flights. We've lodged a complaint on your behalf (complaint number C012540973). Our team will reach out. Thanks, Jalnidh",4.11.0,2,-0.811,0.0,0.874,0.126,neg
google_play,au,com.freely.prod,18e0293c-99b6-4fca-91de-141bfc3d2dc1,Dave Coghlan,5,2024-12-27T20:31:59+00:00,"Easy process to get quote and purchase travel insurance, great assistance through chat. Thnx Freely!","Hey Dave! Thank you for choosing to travel with Freely and for taking the time to leave this review! We're really happy to hear that you've enjoyed travelling with us. Any questions about a future policy, please don't hesitate to get in touch. Thanks again!",4.11.0,0,0.8805,0.459,0.541,0.0,pos
google_play,au,com.freely.prod,37e307ae-f75a-486f-907b-53e281379605,Martin Corne,5,2024-12-24T08:23:06+00:00,very simple travel insurance transaction at competitive pricing,"Hey there Martin, thanks so much for taking the time to leave us this review! We're really glad that you've enjoyed travelling with Freely. Any questions about a future policy, please don't hesitate to get in touch. Thanks again!",4.11.0,0,0.1779,0.195,0.805,0.0,pos
google_play,au,com.freely.prod,4c773b6b-3990-4f08-a835-c046da4463b6,behnam bozorg,5,2024-12-22T21:24:11+00:00,"Super reliable, fast and supportive team.","Hey Behman! Thanks so much for taking the time to leave us this review, we really appreciate it. We're so glad you've enjoyed your experience with Freely. Any questions about a future policy, please don't hesitate to get in touch. Thanks again.",4.11.0,0,0.7269,0.604,0.396,0.0,pos
google_play,au,com.freely.prod,b0816281-3a8f-482d-a241-06912ea93694,Don Crawford,1,2024-12-19T21:51:28+00:00,"Absolutey useless, why do you have to open an account if its supposed to be free, hein?","Hi Don, sounds like you want to leave a review for Freely UK, the streaming service. Since we don't believe you're a customer of Freely Travel Insurance, we'd love if you could please consider removing your review. Thanks Don ‚Äì take care.",,0,0.128,0.156,0.711,0.133,pos
google_play,au,com.freely.prod,31432458-98ff-41d6-8419-2898d8603a20,Glenn,3,2024-12-16T01:46:05+00:00,"Don't believe the puffery associated with their quick, no hassle claims. Receipts of purchase and subsequent cancellations from travel agents and a natural disaster making the national news and affecting all carriers out of Australia was not enough to get a claim through without jumping through more hoops. Avoid at all costs. 16/12/24 After withdrawing my claim, I received notification that they would honour and pay what was lost. Happy, still angered by the process to what seemed simple. Thanks","Hi Glenn, thanks for taking the time to leave your feedback. We're keen to investigate what happened here. Could you please send us an email at team@gofreely.help with your policy number so that we can look into your matter? Thanks so much, Glenn.

8/1/25 update: We're happy we could solve this for you and apologise again for the inconvenience!",4.10.1,2,-0.2449,0.13,0.71,0.16,neg
google_play,au,com.freely.prod,18d1da9f-b2c1-48fc-ab99-3bb4843332d1,mnj sam,5,2024-12-07T01:10:44+00:00,such an easy application to use and great product offering,"Hey there! Thanks so much for taking the time to leave us this review, we really appreciate it. We're so glad you've enjoyed your experience with Freely. Any questions about a future policy, please don't hesitate to get in touch. Thanks again!",4.11.0,0,0.7906,0.467,0.533,0.0,pos
google_play,au,com.freely.prod,4c1418a7-acff-43ec-9ec9-c72c13322ac2,Melissa Green,5,2024-12-05T00:40:29+00:00,very easy to navigate,"Hi Melissa! Thanks for taking the time to leave us this review. We're stoked you found it easy to navigate the Freely app. Any questions about a future policy, please don't hesitate to get in touch. Thanks again, Melissa!",4.11.0,0,0.4927,0.516,0.484,0.0,pos
google_play,au,com.freely.prod,5e6fec19-9cc2-43ae-b844-c1705abe2a7b,Stephen Lumby,5,2024-11-24T22:20:25+00:00,Very happy with how easy in was to book policy also easy to include cruise in mid holiday cheers steve,"Hi there Stephen, thank you for taking the time to leave this review! We're so happy to hear you found it easy to arrange your cover with Freely and enjoyed our pay-per-day Cruise Cover Boost. If you have any questions about a future policy, please don't hesitate to get in touch: 1300 772 183 team@gofreely.help. Thanks Stephen!",4.10.1,0,0.9392,0.51,0.49,0.0,pos
google_play,au,com.freely.prod,62f125fe-5326-48cc-9409-8e7e0c4414b5,Craig Virtue,1,2024-11-06T19:02:48+00:00,"Please don't use. This company is part of Covermore. I injured my shoulder/arm. The company kept asking me for the same information over and over. After being told I had approval to get assistance to get home, the next day I was told I didn't and started getting asked the same things again. Back in Australia they fail to communicate, ignore emails and provide no updates. After submitting everything I got a message asking if I was going to make a claim. They will tell you your phone does not work","Hi Craig, thank you for taking the time to leave this feedback. We hope you're recovering okay and are sorry you didn't have a great experience when submitting your claim. It sounds like there was a miscommunication. We've lodged a complaint on your behalf: your complaint number is C112438885. One of our team members will be in touch. Thanks Craig.",4.10.1,1,-0.6705,0.053,0.839,0.108,neg
google_play,au,com.freely.prod,f472b71b-807a-459f-baaf-537aec671c5d,len stanford,5,2024-11-01T02:35:55+00:00,easy to adjust policy,"Hey there Len! Thanks for taking the time to leave us this review. We're so glad to hear you found it easy to adjust your policy with the Freely app. Any questions about a future policy, please don't hesitate to get in touch. Thanks again, Len!",4.10.1,0,0.4404,0.492,0.508,0.0,pos
google_play,au,com.freely.prod,905e28b2-569b-451c-afc7-edf8ca931588,Murray Funk,5,2024-10-13T08:27:30+00:00,easy to navigate,"Hey Murray! Thanks so much for taking the time to leave this feedback ‚Äì we're happy to hear you found the Freely app easy to navigate. Safe travels, Murray!",,0,0.4404,0.592,0.408,0.0,pos
google_play,au,com.freely.prod,2f9abc86-64f3-44c9-93ee-bd56aa0922d3,Nicole O'Connor,4,2024-10-08T10:23:45+00:00,Highly recommend. Easy to use and very reasonable price üëå,"Hi Nicole, thank you for taking the time to leave us this review! We're happy you've enjoyed your experience with Freely üòä Any questions about your policy, please don't hesitate to contact us on 1300 772 183 or team@gofreely.help. Thanks, Nicole!",4.10.0,0,0.9075,0.639,0.361,0.0,pos
google_play,au,com.freely.prod,630838f0-033f-417b-9f43-4053dc72538d,Julie Howe,5,2024-09-23T04:17:31+00:00,Freely was very patient in helping me update my certificate of insurance,"Hi there Julie, thanks so much for taking the time to leave us this review! We really appreciate it. Any questions about your policy, please don't hesitate to contact us on 1300 772 183 or team@gofreely.help. Thanks, Julie!",4.9.0,0,0.6557,0.349,0.651,0.0,pos
google_play,au,com.freely.prod,c4ad08b4-93cc-4ea7-8e56-ed311890d42d,Marco Cirignano,5,2024-09-14T01:20:17+00:00,great travel insurance. my family and I used them a couple of our European trips and South Pacific Cruise.,"Hey Marco, thanks so much for travelling with Freely and for taking the time to leave us this review! We hope you and your family enjoyed your trips. Any questions about a future quote, please don't hesitate to contact us on 1300 772 183 or team@gofreely.help. Thanks Marco!",4.9.0,0,0.6249,0.186,0.814,0.0,pos
google_play,au,com.freely.prod,4afe698c-d15d-4323-9a48-079ee3331e13,David Mitchell,5,2024-09-09T05:59:38+00:00,So far so good!,"Hey David, thanks for taking the time to leave us this review ‚Äì we really appreciate it! If you have any questions about your policy, please don't hesitate to contact us on 1300 772 183 or team@gofreely.help. Safe travels, David!",4.9.0,0,0.6556,0.593,0.407,0.0,pos
google_play,au,com.freely.prod,c0450ff2-177e-4fb5-bc7a-72b7ffa6fadd,Bryce Kerr,5,2024-08-30T04:34:08+00:00,"Customer service is amazing and app makes claiming very easy. My partner was ill during our trip to South Korea. We called freely's agents to assist us and guide us. They had their own nurse available on call, who suggested I take her to hospital. Once completed I was able to make a claim and Freely covered the cost of Cancelled accommodation, medical costs, cost for new accommodation and alternative cost again. I can't recommend enough. Freely insurance will be a must for all future trips.","Hi Bryce, thanks so much for taking the time to leave us this review!

We hope that your wife has recovered well since getting sick in South Korea. We're glad that our emergency assistance team was able to provide guidance on what to do and where to go.

We really appreciate your feedback, Bryce, and look forward to travelling with you next time!",4.8.0,3,0.3771,0.101,0.804,0.095,pos
google_play,au,com.freely.prod,e71a60cb-ecb0-4ae3-a321-087f240a9ae5,sam smith,5,2024-08-28T09:19:00+00:00,"it was easy to use. my tour dates were changed, I was really worried I would be charged extra fees to change my travel insurance, but it was amazingly and refreshingly stress free to change without costing me extra.","Hey there Sam! Thanks so much for travelling with Freely ‚Äì and for taking the time to leave this feedback :-)

If you have any questions about your policy, please don't hesitate to contact us on 1300 772 183 or team@gofreely.help.

Take care, Sam!",4.8.0,3,0.0407,0.134,0.714,0.152,neu
google_play,au,com.freely.prod,f63dbe9f-9fb3-4b9c-bf25-a4bd0d24a653,Carol Van Veen,5,2024-08-21T05:56:06+00:00,Comprehensive coverage and very realistic prices. Backed by Zuricch and Cover More provides peace of mind. Very easy to use App. Policy explanation is in plain English. I love that we can boost cover if need to whilst on our trip. Great benefit no other provider offers.,"Hey there, Carol! We're so happy to hear that you've had a great experience with Freely. Thank you for travelling with us ‚Äì and for taking the time to leave this feedback. It means a lot! If you have any questions about your policy, please don't hesitate to contact us on 1300 772 183 or team@gofreely.help. Thanks again, Carol!",4.8.0,0,0.9688,0.377,0.589,0.034,pos
google_play,au,com.freely.prod,5d96ad79-474a-406a-bbe2-a5bb785f3ab0,Lee Parker,1,2024-07-15T23:59:08+00:00,"I had been a loyal customer but now they are becoming increasingly expensive, misleading information by adding discounts but raising the overall prices. Not recommended, better more affordable options out there.","Hi Lee, thanks for taking the time to share your feedback. Our team tried to get in touch with you recently about this. It appeared that you accidentally generated a quote for 2 travellers, instead of 1 (hence the quote was higher than expected). If you‚Äôd like to chat about this, please reach out on 1300 772 183 or team@gofreely.help :-)",4.5.0,1,-0.7577,0.055,0.718,0.227,neg
google_play,au,com.freely.prod,6142e20e-0a3d-4918-bf33-10994dc54796,Ivonne Tjioe,3,2024-07-05T21:30:26+00:00,"I was told I'd receive a discount code due to your error of not being able to process the insurance. Couldn't see anywhere where I can apply the code? And I think I might have been charged twice due to my attempts. Otherwise, this wouldve been great","Hey Ivonne, thanks for taking the time to leave us this feedback :-) Oh no ‚Äì we apologise that you couldn't locate where to add your discount code! If you'd like help with this, please don't hesitate to contact us on 1300 772 183 or team@gofreely.help. We're here to help! Happy travels, Ivonne.",4.5.0,0,0.1531,0.078,0.837,0.086,pos
google_play,au,com.freely.prod,d2e230a8-e40f-45ef-b63b-a354fb14f3e5,Debbie Flecknell,5,2024-06-13T08:21:40+00:00,always covered and supportive with the claims lve had to make thank you,"Hey Debbie, you're very welcome! We're so happy to hear you've enjoyed your experience with Freely :-)

If you're ever keen to chat to our team, please don't hesitate to reach out ‚Äì we'd look forward to assisting.

1300 772 183
team@gofreely.help

Regards,
the Freely team",4.5.0,0,0.5719,0.299,0.701,0.0,pos
google_play,au,com.freely.prod,33d63a53-7ede-499b-a3d5-333213993f10,ROB NORTHEY,5,2024-06-02T00:50:42+00:00,bloody brilliant. easiest and cheapest travel insurance I could find.,"Hey Rob, we're stoked to hear that you're happy with your experience of Freely :-) Thanks so much for taking the time to leave us feedback.

If you have any questions about your policy, please don't hesitate to contact our team ‚Äì we'd look forward to assisting.

1300 772 183
team@gofreely.help

Regards,
the Freely team",4.5.0,1,0.5719,0.4,0.424,0.176,pos
google_play,au,com.freely.prod,3fe1ab88-5e2a-4d50-b937-2b3dfb57f235,Lisa Glasson,5,2024-05-29T01:34:26+00:00,"Excellent price, prompt service on claims and so using again.","Hey Lisa, thanks so much for choosing to travel with Freely again ‚Äì and for leaving your feedback :-) Love to hear it.

If you have any questions about your policy, please don't hesitate to contact our team ‚Äì we'd look forward to assisting.

1300 772 183
team@gofreely.help

Regards,
the Freely team",4.4.2,1,0.5719,0.291,0.709,0.0,pos
google_play,au,com.freely.prod,ee77e6d4-6945-4064-bf01-f44fa4fbd7e7,ujune thompson,5,2024-05-21T21:35:06+00:00,the whole process was just so easy to do,"Thanks so much for this feedback! We're glad to hear you found it easy to organise your coverage with Freely.

If you have any questions about your policy, please don't hesitate to contact our team ‚Äì we'd look forward to assisting.

1300 772 183
team@gofreely.help

Regards,
The Freely team",4.4.2,0,0.5777,0.319,0.681,0.0,pos
google_play,au,com.freely.prod,5f6ec296-dd34-4e7d-be58-2f7a965445af,leslie field,1,2024-05-05T13:27:34+00:00,Thought this app was for UK launch of freely obviously wrong as soon as you start the app after an update after you installed it it asks country of residence Australia or USA so you can't be a resident from the UK,,4.4.0,0,-0.0516,0.063,0.87,0.067,neg
google_play,au,com.freely.prod,d57cf9fb-02cd-41c8-b32f-9487e2f6c0b0,Tina Currah,5,2024-04-07T07:28:09+00:00,super easy to navigate app and find the right policy for me. great prices too!!!,,4.3.0,2,0.9149,0.495,0.505,0.0,pos
google_play,au,com.freely.prod,623ebe36-2cca-420b-9140-db5048e35f27,Sharon Milich,5,2024-03-18T01:31:40+00:00,APP is amazingly easy to navigate,,4.3.0,0,0.4927,0.39,0.61,0.0,pos
google_play,au,com.freely.prod,df47e986-6b10-4596-87f1-9d2bcb840600,Angelique Law,5,2024-03-17T05:08:51+00:00,super easy and convenient travel insurance app + smooth claim process.,,4.3.0,1,0.7783,0.43,0.57,0.0,pos
google_play,au,com.freely.prod,33e2bea5-b606-44b7-b244-e9740ce089a9,Jo Chapman (Jo),5,2024-03-15T03:39:38+00:00,"found Freely on Compare have completed my first travel insurance, easy and cheapest I found.",,4.3.0,0,0.7003,0.309,0.691,0.0,pos
google_play,au,com.freely.prod,c5427942-5511-49c3-aec8-759009971c66,karen Wallis,5,2024-03-01T00:44:57+00:00,very easy to use and very affordable,,4.2.0,0,0.4927,0.347,0.653,0.0,pos
google_play,au,com.freely.prod,da474abb-90b5-43ce-88d2-24e529ceda30,Ingeborg Thiele,5,2024-02-03T01:04:50+00:00,I never travel without my travel insurance and Freely covers me for everything I need.,,4.1.0,1,0.4404,0.172,0.828,0.0,pos
google_play,au,com.freely.prod,e331c434-415c-4e58-87e5-b151c79198d8,Steve W,5,2024-01-24T09:35:09+00:00,Brilliant! Simply Brilliant..it's cheap and easy,,4.1.0,0,0.7901,0.636,0.364,0.0,pos
google_play,au,com.freely.prod,39b63d37-7431-44b4-b449-b03f908f138b,Virginia Pursell,5,2024-01-22T22:51:26+00:00,I've just extended my coverage with no fuss easy to do and not expensive,,3.11.0,0,-0.5583,0.0,0.723,0.277,neg
google_play,au,com.freely.prod,5fbd2df3-7742-4a83-92d9-e37b3858ad2e,Tom Chudy,1,2023-12-26T03:41:09+00:00,Poor application and poor customer service. Out of pocket due to poor communication from advisors.,,,0,-0.8519,0.0,0.563,0.437,neg
google_play,au,com.freely.prod,2621f481-dc3d-43ee-b59d-2c3db7bca8fc,JOHAN VAN STADEN,5,2023-12-19T21:52:17+00:00,easy to use and save lots of time,,3.11.0,0,0.7269,0.504,0.496,0.0,pos
google_play,au,com.freely.prod,35fa8938-f9f6-4505-8840-abbd5b933817,Dean Knowles,3,2023-12-18T00:50:43+00:00,too expensive!,,3.11.0,1,0.0,0.0,1.0,0.0,neu
google_play,au,com.freely.prod,180e58df-6f6f-4577-9209-cecb240a761f,Steve Tuckey,5,2023-12-13T02:13:04+00:00,very easy to use,,3.11.0,0,0.4927,0.516,0.484,0.0,pos
google_play,au,com.freely.prod,0dde3961-35d7-46f2-8adf-dd9fb5f71c36,Elango,4,2023-11-22T10:04:05+00:00,Easy to purchase and also allows me to select what I want.,,3.11.0,0,0.4939,0.296,0.704,0.0,pos
google_play,au,com.freely.prod,8170fc36-9c4c-4107-ac5d-4ea9d21e0a45,Ken Hoon,4,2023-11-22T07:58:26+00:00,simple and easy.,,3.11.0,0,0.4404,0.592,0.408,0.0,pos
google_play,au,com.freely.prod,8cd179d4-4135-4462-b168-1ea48e8b1f1f,Karla C,1,2023-10-31T06:01:49+00:00,Easy to sign up. Awful when claiming. They give you a time frame then add more to the time frame and give a ridiculous excuse each and every time. Avoid them at all costs.,,3.10.0,2,-0.5423,0.103,0.709,0.188,neg
google_play,au,com.freely.prod,5bc60f52-8735-43e0-85c7-36de287295a4,Stephen Holliday,5,2023-10-19T06:44:41+00:00,This was so easy and covers everything we need,,3.9.1,0,0.5777,0.319,0.681,0.0,pos
google_play,au,com.freely.prod,004b7f53-0bf0-41f9-b8d1-640651b75e21,Michelle Nastas,5,2023-10-04T06:27:11+00:00,"Fantastic customer service, competitive prices and flexibility to add extras at any point on the trip such as scooter riding all within the app. Also has Covid cover and multiple device cover as standard within the packages. We will continue to use freely indefinitely.",,3.9.1,2,0.8625,0.209,0.791,0.0,pos
google_play,au,com.freely.prod,8e9de3ad-a6ac-468e-a098-945bc2f2644f,Luke May,5,2023-09-12T15:10:41+00:00,"User friendly, enough details of cover without needing PDS",,3.9.0,0,0.4939,0.286,0.714,0.0,pos
google_play,au,com.freely.prod,f2ba21b4-377b-42ad-9900-c3cd3c1ee33f,Janet Willmott,5,2023-09-03T05:00:06+00:00,"low priced, good cover",,3.8.1,0,0.2023,0.414,0.286,0.3,pos
google_play,au,com.freely.prod,e3267813-893f-4213-addf-f8f18c9a0975,Annie Schulz,5,2023-08-29T10:17:12+00:00,fast and efficient,,3.8.1,0,0.4215,0.583,0.417,0.0,pos
google_play,au,com.freely.prod,9ceaa655-61da-4b6e-9fad-8ef5294434e0,James Bethune,5,2023-07-26T22:03:08+00:00,Very easy to navigate app,,3.7.1,0,0.4927,0.444,0.556,0.0,pos
google_play,au,com.freely.prod,63358281-6bf9-498a-9c2c-af005695db79,Sibghat Khogyani,5,2023-06-02T00:46:23+00:00,so easy and good price,,3.5.0,0,0.7474,0.679,0.321,0.0,pos
google_play,au,com.freely.prod,0fff1f60-0313-42bd-86e3-32bd63ac2329,Glenn L,5,2023-06-01T22:45:17+00:00,so easy and my online questions answered immediately.,,3.5.0,0,0.4927,0.313,0.687,0.0,pos
google_play,au,com.freely.prod,bcb7aa22-ca6b-4388-89f5-0e5324c06579,Jermey Bowler,5,2023-06-01T05:31:26+00:00,stop it!!! excellent,,3.5.0,0,0.5229,0.588,0.129,0.283,pos
google_play,au,com.freely.prod,9e5a7828-39da-41d1-8655-f198a240cb8e,Heath Marshall (Tekani),1,2023-05-08T13:59:34+00:00,Just downloaded entered details and destinations. I keep getting network failed. üòë,,3.5.0,1,-0.5106,0.0,0.784,0.216,neg
google_play,au,com.freely.prod,c119614a-f780-446b-b02e-66516f44cdfb,Zdenka Burianov√°,5,2023-04-27T03:36:39+00:00,"excellent app, so easy and quick to organise travel insurance..love it",,3.4.0,1,0.7841,0.434,0.566,0.0,pos
google_play,au,com.freely.prod,0331c9d6-a38f-448a-9ce2-4a0f40411edf,Doma Sherpa,5,2023-04-10T09:15:16+00:00,Very efficient service.,,3.2.2,0,0.4754,0.607,0.393,0.0,pos
google_play,au,com.freely.prod,8f2ee6b3-fcef-45a3-a240-79fbba3ffdbe,Caitlyn,5,2023-04-03T07:29:57+00:00,"Wow, I am so impressed by this whole process. most of the time it is such a hassle buying travel insurance and very confusing. this was so easy to navigate and understand. plus, it was heaps cheaper than I planned on it being. also loved using the promo code to support local environment conservation efforts. Finally, insurance I don't completely despise.",,3.2.2,11,0.9595,0.266,0.705,0.029,pos
google_play,au,com.freely.prod,14980e5b-b25c-4a18-a9d3-e6c16dd453b9,Darryl Rolley,5,2023-02-27T05:50:24+00:00,Very easy to use and navigate.,"Cheers for the feedback, Darryl! Great to hear that our app was easy to use and navigate. We'll keep working hard to make sure it stays that way for you. Have a good one and thanks for choosing Freely!",3.2.0,2,0.4927,0.39,0.61,0.0,pos
google_play,au,com.freely.prod,6ccab0ff-a7df-4569-8e56-11e30d38bba6,Peter Morris,5,2023-02-14T00:42:07+00:00,Easy to use the app and very good coverage for travellers.,"Hi Peter, thank you for your review and appreciate your kind words.",3.1.0,2,0.7264,0.404,0.596,0.0,pos
google_play,au,com.freely.prod,c1e0c033-9787-49ac-9fdd-b5d0221a4a00,Oscar Aguilar,5,2023-01-20T07:59:17+00:00,very easy to use and very helpful to me,"We love to hear that, Oscar. Message us if you need anything.",3.1.0,0,0.742,0.473,0.527,0.0,pos
google_play,au,com.freely.prod,71cd4a57-5c89-46b0-a8e7-e8e7aeecf8ab,Rod Anderson,5,2023-01-03T00:57:50+00:00,"Super, super easy. Coverage is broad. Pricing is reasonable.",Thanks a lot for your rating and safe rides :),2.11.1,0,0.8934,0.641,0.359,0.0,pos
google_play,au,com.freely.prod,5c674a4c-b46b-4279-b3fe-f990fcb66d47,Gabriel H,5,2022-12-14T20:38:58+00:00,"Professional, straight to the point, easy to access and navigate, very simple and highly recommended !! Thank you..",,2.11.1,3,0.8497,0.422,0.578,0.0,pos
google_play,au,com.freely.prod,7bed5891-6559-47d5-91a3-7276a96446c4,Dan Williamson (Mopoke),5,2022-12-10T09:43:32+00:00,I like it a lot.,Glad you like it! :),2.11.1,0,0.3612,0.385,0.615,0.0,pos
google_play,au,com.freely.prod,0058a2df-3e4b-4793-bf80-3ce30cc31678,Qian Li,4,2022-11-30T15:19:44+00:00,easy to pay,Too easy :),2.11.1,0,0.3612,0.547,0.189,0.264,pos
google_play,au,com.freely.prod,71b80709-cc3c-4728-b5a9-87fa176f3d71,wavey davey,5,2022-11-05T06:57:16+00:00,easy to navigate and great pricing...,Thank you so much for your review!,2.8.2,0,0.7906,0.636,0.364,0.0,pos
google_play,au,com.freely.prod,a36fb09c-2ab5-42ef-b4f6-2d9f22d094f7,Travis Star,5,2022-11-02T04:53:35+00:00,easy fast and convenient,Glad you like it! :),2.8.2,0,0.4404,0.492,0.508,0.0,pos
google_play,au,com.freely.prod,fdd56109-0275-4d90-a09b-6f91848c3dd8,Peter Boyce,5,2022-10-16T02:06:45+00:00,"excellent app,easy to use and great value thanks",Lovely to hear you got value from Freely. Safe travels!,2.8.0,0,0.9201,0.766,0.234,0.0,pos
google_play,au,com.freely.prod,58682a20-3ea2-4829-b69d-114044b7ee65,Adam Adams,5,2022-10-13T04:58:17+00:00,"Easy to use app, well explained insurance coverage. Seems like a good price, I didn't check with any others though as this already seemed reasonable and very simple to use.",,2.8.0,1,0.8555,0.286,0.714,0.0,pos
google_play,au,com.freely.prod,9ab20c1d-2472-410b-a3f2-cf2a8d5dea97,Matt Green,1,2022-10-12T13:24:10+00:00,"Try to get a quote, input all details, click ""Get Quote"" and just perpetually get error message ""Network failed. Please try again."" There is nothing wrong with my network, and trying again just gives the same bogus error. Don't bother.",Hi Matt. We apologise for the inconvenience. Our team has looked into network issues and was able to pinpoint and resolve the underlying issue. Feel free to contact us via our chat if you have additional feedback.,2.8.0,1,-0.4234,0.139,0.686,0.175,neg
google_play,au,com.freely.prod,0b774176-a29f-434f-90c7-7603226e87d3,raymond ward,4,2022-10-08T02:45:06+00:00,"2 other companies failed to even return my inquiries. your system is not easy to get around. you should provide explanations on what to do. I was trying to add car insurance, wanted 4 days. I finally realised just using start date and end date. not trying to press every day. not everyone uses computers .",,2.8.0,3,-0.6914,0.0,0.904,0.096,neg
google_play,au,com.freely.prod,5fc70092-3938-4e28-be20-c005b3f9a4c8,Christian Petersen,1,2022-10-01T11:22:10+00:00,Tried to make a claim and the app won't accept my Australian mobile number or home phone number and won't let me submit a claim,"Hey Christian. We appreciate your feedback. Unfortunately, this one slipped through the cracks, and are rolling out a fix soon. Please contact our staff through the chat tab in your mobile device to help you through the claiming process.",2.8.0,0,-0.1491,0.097,0.821,0.082,neg
google_play,au,com.freely.prod,4f8bf5e4-3e49-4584-ad86-3c2ec7acac06,Juliana Dias,5,2022-09-20T00:17:16+00:00,App is very easy to use.,Hi Juliana. We love to hear that ‚ù§Ô∏èüôè,2.8.0,0,0.4927,0.39,0.61,0.0,pos
google_play,au,com.freely.prod,bf17158d-2d23-45c6-927e-d7a2518e7e91,D DLV,1,2022-09-18T06:28:50+00:00,Turns out more expensive than online quotes. 12 days in 3 Asian countries quoted 220+ with baggage and tech add-ons. Online non app quotes are less than 150 for similar cover. They rip you off with add-ons.,"Hi Daniel, we are sorry to hear you've had a negative experience. Feel free to drop us a message at team@gofreely.help so we can assist you in choosing a level of cover that suits your needs.",2.7.2,1,0.0,0.0,1.0,0.0,neu
google_play,au,com.freely.prod,b1ecdb11-8793-483b-9530-6690518167a0,Deborah Coates,5,2022-09-14T06:12:09+00:00,effective and helpful.,Short and sweet üôå,2.7.2,0,0.7096,0.855,0.145,0.0,pos
google_play,au,com.freely.prod,865f1a5e-8552-435c-8a3a-df7550121140,Dominic Goffredo,4,2022-09-05T06:51:49+00:00,easy to use app and a good price,Thanks Dominic. So happy to hear that üòÄ,2.7.2,0,0.7003,0.492,0.508,0.0,pos
google_play,au,com.freely.prod,9364151c-9ea1-4434-a3bc-fdc9c74c62df,Andrew Denniss,5,2022-08-25T00:24:00+00:00,easy to set up travel insurance. good value,"Thanks a lot, Andrew! Hope you have a great trip.",2.7.2,2,0.802,0.621,0.379,0.0,pos
google_play,au,com.freely.prod,f7e31a82-0034-4f83-bdcc-ee842ac7450d,Len Clark,5,2022-08-23T01:47:54+00:00,Great insurance company,IKR!! :),2.7.2,0,0.6249,0.672,0.328,0.0,pos
google_play,au,com.freely.prod,9d66e962-f32a-4ed1-953f-01797c165743,Nawfel Alfaris,2,2022-08-15T09:23:44+00:00,The basics offered are basics... there hidden extra costs which you need to add on... seems cheap but you need to know what you looking for before you buy! Not worth the download!,"Thanks for checking us out and sorry we weren't a fit for you. We aim to be clear on our app as to which boosts provide which kind of cover, and the cost of each. We‚Äôre trying to provide our customers with flexible coverage that suits their needs. Please give us a call if we can help advise any further. Team Freely.",,1,-0.3783,0.0,0.925,0.075,neg
google_play,au,com.freely.prod,e26ca950-7c6d-40c9-865e-fe34f3237b0f,Amy Farrell,5,2022-08-04T16:27:20+00:00,Easy app to use only took a matter of minutes to get covered. Would recommend.,"Cheers, Amy! Glad that you are enjoying the app.",2.7.1,5,0.6705,0.351,0.649,0.0,pos
google_play,au,com.freely.prod,f0fc4e16-7b59-485a-ba82-a29fe8cc1043,Daniel novella,5,2022-07-15T03:30:32+00:00,easy to use quick and cheap üëç,"ü•∞ Thanks, Daniel.",2.7.0,0,0.4404,0.293,0.707,0.0,pos
google_play,au,com.freely.prod,70375812-208a-470b-96a1-077296dc0df7,Johann Thornton,5,2022-07-12T07:03:36+00:00,easy to use. fast quote.,We are happy that you've enjoyed the experience.,2.6.2,0,0.4404,0.42,0.58,0.0,pos
google_play,au,com.freely.prod,a8771dc4-75c5-4d9c-bdc6-79b17f35bf0d,Greg Russell,4,2022-07-12T04:33:18+00:00,so far so good easy to activate and pay,It's good to hear that Greg. Safe travels!,2.6.2,0,0.7814,0.495,0.41,0.096,pos
google_play,au,com.freely.prod,b81f2cd1-ffc9-40d4-b604-09455c51d674,Tata Sevilla,3,2022-07-09T05:19:30+00:00,Where can I find the benefits of the travel insurance? I'm talking about when I am already sick and I need medical assistance while overseas? How can you be contacted? Do I have to pay for my medical expenses first and then you pay later? Or the insurance takes care of it while I'm sick in the hospital or at my temporary home?,"Hi Grace. Thanks for reaching out. The Google Play Store on which you are enquiring from imposes a reply character limitation, so unfortunately you would have to contact us at team@gofreely.help to get a full response about benefits and how to claim. Hoping to hear from you soon.",2.6.2,0,-0.5514,0.079,0.779,0.142,neg
google_play,au,com.freely.prod,7c92a358-87b6-4ff7-9fd1-a67a8464cddf,Steven Hall,5,2022-07-02T04:31:06+00:00,"fast and easy to use, gave us a great price too. first time using freely so we'll see how it goes.",Thank you so much for your review!,2.6.2,4,0.872,0.355,0.645,0.0,pos
google_play,au,com.freely.prod,8b7e7f7a-9003-4da5-9494-c5ed42823461,Gemma Clarke,5,2022-06-09T00:19:16+00:00,Love the app and also really back what the company stands for. Just bought insurance for a trip to Vietnam and it was such a user-friendly experience... Easier than ordering a pizza! ü§©,Thank you very much for your 5-star review!!!,2.4,1,0.807,0.19,0.81,0.0,pos
google_play,au,com.freely.prod,6ddd4758-94f7-4e2a-92ea-e93048f21c49,Daniel Lynch,5,2022-06-06T06:25:11+00:00,Great insurance app! Getting a quote was super quick and understanding what I'm actually covered for was easy.,Thank you so much for your review!,2.4,3,0.9041,0.427,0.573,0.0,pos
google_play,au,com.freely.prod,2089e431-4cb6-4753-b4fe-d0813b6d5c40,min kim,3,2022-06-04T03:48:18+00:00,keeps going back to beginning. unable to receive email to verify,We'll look into this issue for you. Please send us a note at team@gofreely.help so that we can follow up.,2.4,0,0.0,0.0,1.0,0.0,neu
google_play,au,com.freely.prod,2461e0ff-a33a-4f65-86e6-b3b865d09150,Steven Carpenter,5,2022-05-23T08:36:34+00:00,Quick and easy quote. Like the fact that customer service is via chat with friendly service!,"Hi Steven, thanks for this nice review. We believe strongly in real human customer support üôå",2.4,0,0.8356,0.406,0.594,0.0,pos
google_play,au,com.freely.prod,e5563dfe-c5bf-4f88-9119-6d39bd0b8289,Jonathan Meliton,1,2022-05-20T14:09:18+00:00,Apps doesnt work. Keeps getting an error when trying to get a quote.,"Hi Jonathan, thanks for letting us know about this issue and apologies for the inconvenience. If you contact us at team@gofreely.help we can work through it together and in compensation we can offer you a voucher to spend online.",,0,-0.4019,0.0,0.816,0.184,neg
google_play,au,com.freely.prod,adf5c3ac-9a53-4ab8-a951-ebf7dfd5fbd4,Angela Melotti,1,2022-05-16T13:59:23+00:00,I keep getting an error when I attempt to get a quote. I can see other reviews with the same concerns and yet it's still not fixed.,"Hi Angela, we are so sorry to hear you are experiencing issues with Freely. Please contact team@gofreely.help so that we can replicate your issue. From there, we can assess the app fixes required.",2.4,0,-0.4019,0.0,0.906,0.094,neg
google_play,au,com.freely.prod,eff776b0-438c-4e4b-9070-2cfa06ba0b49,Juliet Kwang,1,2022-05-01T13:58:03+00:00,It keeps giving me an error when I try to request a quote and there is no other way to ask for a quote than via the app. Pls fix!,Hi Juliet. Thanks for taking the time to leave a review. Please contact team@gofreely.help and our team will work with you in solving the issue.,2.3.1,2,-0.3595,0.106,0.745,0.149,neg
google_play,au,com.freely.prod,30fbccb0-cd08-4e6c-9be3-4fd9a468eb3b,John Ly Vo,5,2022-04-12T22:52:43+00:00,üåüüåüüåüüåüüåü,"Freely is shooting for the stars, John. Thanks for dropping a note.",2.3.1,1,0.0,0.0,1.0,0.0,neu
google_play,au,com.freely.prod,de140b11-4862-4023-9b12-52d913ec712d,Phil S,1,2022-03-04T23:28:09+00:00,"The price went from $240 to $370 within a matter of hours. Plus the cover is not as comprehensive as other insurance companies, I would go to Insureandgo.","Hi Phil, we're sorry that you got caught in the middle of a rare price increase. We have only done this once in response to Omicron, in line with the rest of the market. If you check out our website we have a full description of our policy options and pricing, designed to be flexible and easy to add all the cover you need.",,0,-0.163,0.038,0.902,0.06,neg
google_play,au,com.freely.prod,c37fc7a9-d7b0-4790-a1d8-ad4fbc10a78a,Rohit Karmyal,5,2022-03-01T23:33:11+00:00,Easy to use and intuitive interface. Scales very well to accommodate large screen on my Z Fold 3.,We're always working hard to improve the app. Thanks for your download and feedback.,,2,0.6478,0.249,0.751,0.0,pos
google_play,au,com.freely.prod,288aea81-a56b-45f2-a40c-ed997608334b,Chris Vakarian,1,2022-01-17T18:56:14+00:00,"App fails to install on my phone, and will not progress beyond the pin code screen on my other device when installed.","Hi Chris, thanks for your feedback. We've taken it onboard and completely overhauled the app. Give it a whirl and let us know what you reckon.",1.11.0,1,-0.6288,0.0,0.796,0.204,neg
google_play,au,com.freely.prod,1271473b-82ff-4b1e-b96c-312b55cdf3f5,Ken Rees,1,2022-01-04T07:09:51+00:00,App refuses to proceed past its own pincode screen. No error. No feedback. Hopeless.,"Thanks Ken, we're really sorry you had this issue. We've recently completely overhauled the app and it's performing better than ever. Give it a whirl and please do let us know what you think.",1.11.0,3,0.6834,0.376,0.624,0.0,pos
google_play,au,com.freely.prod,0adb11d6-0c40-4a4b-9700-a84a00857618,Alex Fun,1,2021-12-29T05:15:10+00:00,Requires too many permissions before you can even see prices.,"Hi Alex, thanks for taking the time to write a review. We've taken this feedback onboard and completely overhauled our app. Now you can see pricing within a few clicks. Please do try it out and let us know if you're still having any issues.",,2,0.0,0.0,1.0,0.0,neu
google_play,au,com.freely.prod,e2a25272-af78-484f-82ef-9ea23e576500,Jeremy Matchett,5,2021-12-08T12:22:09+00:00,"Great app, easy to use! Love the boosts!","We are so happy to hear that, Jeremy. Keep the feedback coming.",,1,0.9335,0.779,0.221,0.0,pos
